Name,Email,Username,Phone,Age,Address
Henry,Noah9@hotmail.com,function () { [native code] },331-962-9332 x4148,32,Australia
Ron,Sherri.Klein@yahoo.com,function () { [native code] },1-517-262-3730,76,Guinea-Bissau
Reymundo,Shaun_Ondricka@gmail.com,function () { [native code] },(951) 588-2143,50,Belgium
Hilda,Kristy_Graham@hotmail.com,function () { [native code] },1-719-781-4905 x109,35,Cook Islands
Sara,Moshe21@hotmail.com,function () { [native code] },307-965-7247 x2424,74,Uruguay
Randal,Heidi.Kutch@hotmail.com,function () { [native code] },1-592-690-6201 x24250,88,Andorra
Lemuel,Sadie3@gmail.com,function () { [native code] },(688) 545-7082,30,Eritrea
Eloise,Reanna_Harvey@gmail.com,function () { [native code] },1-686-485-0082,39,Comoros
Salvador,Rylan.Smitham32@yahoo.com,function () { [native code] },492.864.2650 x9229,88,Saudi Arabia
Andre,Luigi38@yahoo.com,function () { [native code] },661.595.6406 x853,31,Bangladesh
Emily,Rosemarie55@gmail.com,function () { [native code] },1-213-680-3970,64,Israel
Dora,Bert46@yahoo.com,function () { [native code] },1-259-873-8546,45,Qatar
Lorenz,Dagmar.Yost@yahoo.com,function () { [native code] },(897) 382-8096 x0725,50,South Sudan
Ramiro,Michael22@yahoo.com,function () { [native code] },313-566-4952 x20280,65,French Polynesia
Giovani,Madie90@hotmail.com,function () { [native code] },1-407-977-1898 x152,64,Falkland Islands (Malvinas)
Regina,Winifred.OConnell@yahoo.com,function () { [native code] },(977) 263-4818 x588,82,Bermuda
Leif,Nathanial_Gulgowski@yahoo.com,function () { [native code] },(966) 568-0991 x193,99,North Macedonia
Dominick,Felicia.Lakin@gmail.com,function () { [native code] },957.805.2873 x44113,22,Holy See (Vatican City State)
Dameon,Madelyn.Jaskolski@hotmail.com,function () { [native code] },619.595.7479 x90875,44,Liberia
Marshall,Fatima.Shanahan@gmail.com,function () { [native code] },219-731-3015,33,Singapore
